ade_count,group_count,percentage
0,636,11.885628854419735
1,218,4.074004858904877
2,185,3.457297701364231
3,146,2.728461969725285
4,144,2.6910857783591853
5,135,2.522892917211736
6,117,2.186507194916838
7,124,2.3173238646981873
8,110,2.0556905251354887
9,95,1.7753690898897403
10,91,1.7006167071575407
11,82,1.5324238460100916
12,67,1.252102410764343
13,72,1.3455428891795926
14,81,1.5137357503270417
15,85,1.5884881330592413
16,57,1.065221453933844
17,56,1.0465333582507943
18,59,1.102597645299944
19,58,1.083909549616894
20,72,1.3455428891795926
21,53,0.9904690712016445
22,46,0.8596524014202953
23,70,1.3081666978134927
24,58,1.083909549616894
25,51,0.9530928798355448
26,59,1.102597645299944
27,67,1.252102410764343
28,53,0.9904690712016445
29,43,0.8035881143711456
30,46,0.8596524014202953
31,53,0.9904690712016445
32,36,0.6727714445897963
33,46,0.8596524014202953
34,37,0.6914595402728462
35,33,0.6167071575406466
36,45,0.8409643057372453
37,35,0.6540833489067464
38,43,0.8035881143711456
39,32,0.5980190618575967
40,41,0.7662119230050458
41,44,0.8222762100541955
42,53,0.9904690712016445
43,39,0.728835731638946
44,35,0.6540833489067464
45,39,0.728835731638946
46,43,0.8035881143711456
47,38,0.7101476359558961
48,52,0.9717809755185947
49,55,1.0278452625677443
50,34,0.6353952532236965
51,30,0.560642870491497
52,38,0.7101476359558961
53,43,0.8035881143711456
54,35,0.6540833489067464
55,37,0.6914595402728462
56,42,0.7849000186880957
57,40,0.7475238273219958
58,44,0.8222762100541955
59,35,0.6540833489067464
60,28,0.5232666791253971
61,33,0.6167071575406466
62,35,0.6540833489067464
63,34,0.6353952532236965
64,28,0.5232666791253971
65,24,0.4485142963931975
66,31,0.5793309661745468
67,36,0.6727714445897963
68,26,0.48589048775929733
69,20,0.3737619136609979
70,20,0.3737619136609979
71,23,0.42982620071014765
72,19,0.35507381797794807
73,27,0.5045785834423472
74,26,0.48589048775929733
75,19,0.35507381797794807
76,19,0.35507381797794807
77,18,0.33638572229489816
78,19,0.35507381797794807
79,17,0.31769762661184825
80,17,0.31769762661184825
81,16,0.29900953092879834
82,17,0.31769762661184825
83,18,0.33638572229489816
84,14,0.2616333395626986
85,11,0.20556905251354887
86,13,0.24294524387964866
87,13,0.24294524387964866
88,17,0.31769762661184825
89,7,0.1308166697813493
90,16,0.29900953092879834
91,4,0.07475238273219958
92,9,0.16819286114744908
93,9,0.16819286114744908
94,5,0.09344047841524948
95,9,0.16819286114744908
96,5,0.09344047841524948
97,13,0.24294524387964866
98,6,0.11212857409829938
99,5,0.09344047841524948
100,12,0.22425714819659875
101,6,0.11212857409829938
102,7,0.1308166697813493
103,5,0.09344047841524948
104,5,0.09344047841524948
105,9,0.16819286114744908
106,8,0.14950476546439917
107,5,0.09344047841524948
108,5,0.09344047841524948
109,1,0.018688095683049896
110,4,0.07475238273219958
111,6,0.11212857409829938
112,6,0.11212857409829938
113,9,0.16819286114744908
114,4,0.07475238273219958
115,6,0.11212857409829938
116,6,0.11212857409829938
117,4,0.07475238273219958
118,5,0.09344047841524948
119,7,0.1308166697813493
120,3,0.05606428704914969
121,9,0.16819286114744908
122,2,0.03737619136609979
123,3,0.05606428704914969
124,3,0.05606428704914969
125,3,0.05606428704914969
126,2,0.03737619136609979
127,4,0.07475238273219958
128,5,0.09344047841524948
129,5,0.09344047841524948
130,1,0.018688095683049896
131,2,0.03737619136609979
132,4,0.07475238273219958
133,1,0.018688095683049896
134,2,0.03737619136609979
135,2,0.03737619136609979
136,4,0.07475238273219958
138,1,0.018688095683049896
140,2,0.03737619136609979
141,3,0.05606428704914969
142,1,0.018688095683049896
143,1,0.018688095683049896
144,1,0.018688095683049896
147,2,0.03737619136609979
149,3,0.05606428704914969
150,1,0.018688095683049896
152,1,0.018688095683049896
153,1,0.018688095683049896
156,1,0.018688095683049896
158,1,0.018688095683049896
159,1,0.018688095683049896
160,2,0.03737619136609979
161,1,0.018688095683049896
162,1,0.018688095683049896
165,1,0.018688095683049896
166,1,0.018688095683049896
167,1,0.018688095683049896
168,1,0.018688095683049896
172,1,0.018688095683049896
174,1,0.018688095683049896
175,1,0.018688095683049896
180,1,0.018688095683049896
191,1,0.018688095683049896
200,1,0.018688095683049896
239,1,0.018688095683049896
255,1,0.018688095683049896
286,1,0.018688095683049896
