level,positive_ade_count,group_count,percentage
ADE_TERM,0,636,11.885628854419735
ADE_TERM,1,218,4.074004858904877
ADE_TERM,2,185,3.457297701364231
ADE_TERM,3,146,2.728461969725285
ADE_TERM,4,144,2.6910857783591853
ADE_TERM,5,135,2.522892917211736
ADE_TERM,6,117,2.186507194916838
ADE_TERM,7,124,2.3173238646981873
ADE_TERM,8,110,2.0556905251354887
ADE_TERM,9,95,1.7753690898897403
ADE_TERM,10,91,1.7006167071575407
ADE_TERM,11,82,1.5324238460100916
ADE_TERM,12,67,1.252102410764343
ADE_TERM,13,72,1.3455428891795926
ADE_TERM,14,81,1.5137357503270417
ADE_TERM,15,85,1.5884881330592413
ADE_TERM,16,57,1.065221453933844
ADE_TERM,17,56,1.0465333582507943
ADE_TERM,18,59,1.102597645299944
ADE_TERM,19,58,1.083909549616894
ADE_TERM,20,72,1.3455428891795926
ADE_TERM,21,53,0.9904690712016445
ADE_TERM,22,46,0.8596524014202953
ADE_TERM,23,70,1.3081666978134927
ADE_TERM,24,58,1.083909549616894
ADE_TERM,25,51,0.9530928798355448
ADE_TERM,26,59,1.102597645299944
ADE_TERM,27,67,1.252102410764343
ADE_TERM,28,53,0.9904690712016445
ADE_TERM,29,43,0.8035881143711456
ADE_TERM,30,46,0.8596524014202953
ADE_TERM,31,53,0.9904690712016445
ADE_TERM,32,36,0.6727714445897963
ADE_TERM,33,46,0.8596524014202953
ADE_TERM,34,37,0.6914595402728462
ADE_TERM,35,33,0.6167071575406466
ADE_TERM,36,45,0.8409643057372453
ADE_TERM,37,35,0.6540833489067464
ADE_TERM,38,43,0.8035881143711456
ADE_TERM,39,32,0.5980190618575967
ADE_TERM,40,41,0.7662119230050458
ADE_TERM,41,44,0.8222762100541955
ADE_TERM,42,53,0.9904690712016445
ADE_TERM,43,39,0.728835731638946
ADE_TERM,44,35,0.6540833489067464
ADE_TERM,45,39,0.728835731638946
ADE_TERM,46,43,0.8035881143711456
ADE_TERM,47,38,0.7101476359558961
ADE_TERM,48,52,0.9717809755185947
ADE_TERM,49,55,1.0278452625677443
ADE_TERM,50,34,0.6353952532236965
ADE_TERM,51,30,0.560642870491497
ADE_TERM,52,38,0.7101476359558961
ADE_TERM,53,43,0.8035881143711456
ADE_TERM,54,35,0.6540833489067464
ADE_TERM,55,37,0.6914595402728462
ADE_TERM,56,42,0.7849000186880957
ADE_TERM,57,40,0.7475238273219958
ADE_TERM,58,44,0.8222762100541955
ADE_TERM,59,35,0.6540833489067464
ADE_TERM,60,28,0.5232666791253971
ADE_TERM,61,33,0.6167071575406466
ADE_TERM,62,35,0.6540833489067464
ADE_TERM,63,34,0.6353952532236965
ADE_TERM,64,28,0.5232666791253971
ADE_TERM,65,24,0.4485142963931975
ADE_TERM,66,31,0.5793309661745468
ADE_TERM,67,36,0.6727714445897963
ADE_TERM,68,26,0.48589048775929733
ADE_TERM,69,20,0.3737619136609979
ADE_TERM,70,20,0.3737619136609979
ADE_TERM,71,23,0.42982620071014765
ADE_TERM,72,19,0.35507381797794807
ADE_TERM,73,27,0.5045785834423472
ADE_TERM,74,26,0.48589048775929733
ADE_TERM,75,19,0.35507381797794807
ADE_TERM,76,19,0.35507381797794807
ADE_TERM,77,18,0.33638572229489816
ADE_TERM,78,19,0.35507381797794807
ADE_TERM,79,17,0.31769762661184825
ADE_TERM,80,17,0.31769762661184825
ADE_TERM,81,16,0.29900953092879834
ADE_TERM,82,17,0.31769762661184825
ADE_TERM,83,18,0.33638572229489816
ADE_TERM,84,14,0.2616333395626986
ADE_TERM,85,11,0.20556905251354887
ADE_TERM,86,13,0.24294524387964866
ADE_TERM,87,13,0.24294524387964866
ADE_TERM,88,17,0.31769762661184825
ADE_TERM,89,7,0.1308166697813493
ADE_TERM,90,16,0.29900953092879834
ADE_TERM,91,4,0.07475238273219958
ADE_TERM,92,9,0.16819286114744908
ADE_TERM,93,9,0.16819286114744908
ADE_TERM,94,5,0.09344047841524948
ADE_TERM,95,9,0.16819286114744908
ADE_TERM,96,5,0.09344047841524948
ADE_TERM,97,13,0.24294524387964866
ADE_TERM,98,6,0.11212857409829938
ADE_TERM,99,5,0.09344047841524948
ADE_TERM,100,12,0.22425714819659875
ADE_TERM,101,6,0.11212857409829938
ADE_TERM,102,7,0.1308166697813493
ADE_TERM,103,5,0.09344047841524948
ADE_TERM,104,5,0.09344047841524948
ADE_TERM,105,9,0.16819286114744908
ADE_TERM,106,8,0.14950476546439917
ADE_TERM,107,5,0.09344047841524948
ADE_TERM,108,5,0.09344047841524948
ADE_TERM,109,1,0.018688095683049896
ADE_TERM,110,4,0.07475238273219958
ADE_TERM,111,6,0.11212857409829938
ADE_TERM,112,6,0.11212857409829938
ADE_TERM,113,9,0.16819286114744908
ADE_TERM,114,4,0.07475238273219958
ADE_TERM,115,6,0.11212857409829938
ADE_TERM,116,6,0.11212857409829938
ADE_TERM,117,4,0.07475238273219958
ADE_TERM,118,5,0.09344047841524948
ADE_TERM,119,7,0.1308166697813493
ADE_TERM,120,3,0.05606428704914969
ADE_TERM,121,9,0.16819286114744908
ADE_TERM,122,2,0.03737619136609979
ADE_TERM,123,3,0.05606428704914969
ADE_TERM,124,3,0.05606428704914969
ADE_TERM,125,3,0.05606428704914969
ADE_TERM,126,2,0.03737619136609979
ADE_TERM,127,4,0.07475238273219958
ADE_TERM,128,5,0.09344047841524948
ADE_TERM,129,5,0.09344047841524948
ADE_TERM,130,1,0.018688095683049896
ADE_TERM,131,2,0.03737619136609979
ADE_TERM,132,4,0.07475238273219958
ADE_TERM,133,1,0.018688095683049896
ADE_TERM,134,2,0.03737619136609979
ADE_TERM,135,2,0.03737619136609979
ADE_TERM,136,4,0.07475238273219958
ADE_TERM,137,0,0.0
ADE_TERM,138,1,0.018688095683049896
ADE_TERM,139,0,0.0
ADE_TERM,140,2,0.03737619136609979
ADE_TERM,141,3,0.05606428704914969
ADE_TERM,142,1,0.018688095683049896
ADE_TERM,143,1,0.018688095683049896
ADE_TERM,144,1,0.018688095683049896
ADE_TERM,145,0,0.0
ADE_TERM,146,0,0.0
ADE_TERM,147,2,0.03737619136609979
ADE_TERM,148,0,0.0
ADE_TERM,149,3,0.05606428704914969
ADE_TERM,150,1,0.018688095683049896
ADE_TERM,151,0,0.0
ADE_TERM,152,1,0.018688095683049896
ADE_TERM,153,1,0.018688095683049896
ADE_TERM,154,0,0.0
ADE_TERM,155,0,0.0
ADE_TERM,156,1,0.018688095683049896
ADE_TERM,157,0,0.0
ADE_TERM,158,1,0.018688095683049896
ADE_TERM,159,1,0.018688095683049896
ADE_TERM,160,2,0.03737619136609979
ADE_TERM,161,1,0.018688095683049896
ADE_TERM,162,1,0.018688095683049896
ADE_TERM,163,0,0.0
ADE_TERM,164,0,0.0
ADE_TERM,165,1,0.018688095683049896
ADE_TERM,166,1,0.018688095683049896
ADE_TERM,167,1,0.018688095683049896
ADE_TERM,168,1,0.018688095683049896
ADE_TERM,169,0,0.0
ADE_TERM,170,0,0.0
ADE_TERM,171,0,0.0
ADE_TERM,172,1,0.018688095683049896
ADE_TERM,173,0,0.0
ADE_TERM,174,1,0.018688095683049896
ADE_TERM,175,1,0.018688095683049896
ADE_TERM,176,0,0.0
ADE_TERM,177,0,0.0
ADE_TERM,178,0,0.0
ADE_TERM,179,0,0.0
ADE_TERM,180,1,0.018688095683049896
ADE_TERM,181,0,0.0
ADE_TERM,182,0,0.0
ADE_TERM,183,0,0.0
ADE_TERM,184,0,0.0
ADE_TERM,185,0,0.0
ADE_TERM,186,0,0.0
ADE_TERM,187,0,0.0
ADE_TERM,188,0,0.0
ADE_TERM,189,0,0.0
ADE_TERM,190,0,0.0
ADE_TERM,191,1,0.018688095683049896
ADE_TERM,192,0,0.0
ADE_TERM,193,0,0.0
ADE_TERM,194,0,0.0
ADE_TERM,195,0,0.0
ADE_TERM,196,0,0.0
ADE_TERM,197,0,0.0
ADE_TERM,198,0,0.0
ADE_TERM,199,0,0.0
ADE_TERM,200,1,0.018688095683049896
ADE_TERM,201,0,0.0
ADE_TERM,202,0,0.0
ADE_TERM,203,0,0.0
ADE_TERM,204,0,0.0
ADE_TERM,205,0,0.0
ADE_TERM,206,0,0.0
ADE_TERM,207,0,0.0
ADE_TERM,208,0,0.0
ADE_TERM,209,0,0.0
ADE_TERM,210,0,0.0
ADE_TERM,211,0,0.0
ADE_TERM,212,0,0.0
ADE_TERM,213,0,0.0
ADE_TERM,214,0,0.0
ADE_TERM,215,0,0.0
ADE_TERM,216,0,0.0
ADE_TERM,217,0,0.0
ADE_TERM,218,0,0.0
ADE_TERM,219,0,0.0
ADE_TERM,220,0,0.0
ADE_TERM,221,0,0.0
ADE_TERM,222,0,0.0
ADE_TERM,223,0,0.0
ADE_TERM,224,0,0.0
ADE_TERM,225,0,0.0
ADE_TERM,226,0,0.0
ADE_TERM,227,0,0.0
ADE_TERM,228,0,0.0
ADE_TERM,229,0,0.0
ADE_TERM,230,0,0.0
ADE_TERM,231,0,0.0
ADE_TERM,232,0,0.0
ADE_TERM,233,0,0.0
ADE_TERM,234,0,0.0
ADE_TERM,235,0,0.0
ADE_TERM,236,0,0.0
ADE_TERM,237,0,0.0
ADE_TERM,238,0,0.0
ADE_TERM,239,1,0.018688095683049896
ADE_TERM,240,0,0.0
ADE_TERM,241,0,0.0
ADE_TERM,242,0,0.0
ADE_TERM,243,0,0.0
ADE_TERM,244,0,0.0
ADE_TERM,245,0,0.0
ADE_TERM,246,0,0.0
ADE_TERM,247,0,0.0
ADE_TERM,248,0,0.0
ADE_TERM,249,0,0.0
ADE_TERM,250,0,0.0
ADE_TERM,251,0,0.0
ADE_TERM,252,0,0.0
ADE_TERM,253,0,0.0
ADE_TERM,254,0,0.0
ADE_TERM,255,1,0.018688095683049896
ADE_TERM,256,0,0.0
ADE_TERM,257,0,0.0
ADE_TERM,258,0,0.0
ADE_TERM,259,0,0.0
ADE_TERM,260,0,0.0
ADE_TERM,261,0,0.0
ADE_TERM,262,0,0.0
ADE_TERM,263,0,0.0
ADE_TERM,264,0,0.0
ADE_TERM,265,0,0.0
ADE_TERM,266,0,0.0
ADE_TERM,267,0,0.0
ADE_TERM,268,0,0.0
ADE_TERM,269,0,0.0
ADE_TERM,270,0,0.0
ADE_TERM,271,0,0.0
ADE_TERM,272,0,0.0
ADE_TERM,273,0,0.0
ADE_TERM,274,0,0.0
ADE_TERM,275,0,0.0
ADE_TERM,276,0,0.0
ADE_TERM,277,0,0.0
ADE_TERM,278,0,0.0
ADE_TERM,279,0,0.0
ADE_TERM,280,0,0.0
ADE_TERM,281,0,0.0
ADE_TERM,282,0,0.0
ADE_TERM,283,0,0.0
ADE_TERM,284,0,0.0
ADE_TERM,285,0,0.0
ADE_TERM,286,1,0.018688095683049896
SOC,0,647,12.091197906933283
SOC,1,326,6.092319192674267
SOC,2,275,5.139226312838722
SOC,3,240,4.485142963931976
SOC,4,229,4.279573911418426
SOC,5,216,4.0366286675387775
SOC,6,215,4.0179405718557275
SOC,7,196,3.66286675387778
SOC,8,244,4.559895346664175
SOC,9,229,4.279573911418426
SOC,10,235,4.391702485516726
SOC,11,272,5.083162025789572
SOC,12,328,6.1296953840403665
SOC,13,322,6.017566809942067
SOC,14,338,6.316576340870865
SOC,15,277,5.176602504204822
SOC,16,266,4.971033451691273
SOC,17,194,3.62549056251168
SOC,18,137,2.560269108577836
SOC,19,94,1.7566809942066903
SOC,20,45,0.8409643057372453
SOC,21,18,0.33638572229489816
SOC,22,7,0.1308166697813493
SOC,23,1,0.018688095683049896
HLGT,0,801,14.969164642122967
HLGT,1,245,4.578583442347225
HLGT,2,232,4.335638198467576
HLGT,3,170,3.1769762661184826
HLGT,4,185,3.457297701364231
HLGT,5,149,2.7845262567744347
HLGT,6,128,2.3920762474303867
HLGT,7,150,2.8032143524574846
HLGT,8,125,2.3360119603812373
HLGT,9,143,2.6723976826761353
HLGT,10,102,1.9061857596710896
HLGT,11,116,2.167819099233788
HLGT,12,119,2.223883386282938
HLGT,13,95,1.7753690898897403
HLGT,14,86,1.6071762287422913
HLGT,15,108,2.0183143337693887
HLGT,16,98,1.83143337693889
HLGT,17,99,1.85012147262194
HLGT,18,95,1.7753690898897403
HLGT,19,76,1.4202952719117923
HLGT,20,90,1.6819286114744907
HLGT,21,86,1.6071762287422913
HLGT,22,67,1.252102410764343
HLGT,23,75,1.4016071762287423
HLGT,24,82,1.5324238460100916
HLGT,25,80,1.4950476546439917
HLGT,26,86,1.6071762287422913
HLGT,27,97,1.81274528125584
HLGT,28,74,1.3829190805456923
HLGT,29,75,1.4016071762287423
HLGT,30,75,1.4016071762287423
HLGT,31,79,1.476359558960942
HLGT,32,70,1.3081666978134927
HLGT,33,79,1.476359558960942
HLGT,34,81,1.5137357503270417
HLGT,35,62,1.1586619323490936
HLGT,36,62,1.1586619323490936
HLGT,37,50,0.9344047841524948
HLGT,38,51,0.9530928798355448
HLGT,39,42,0.7849000186880957
HLGT,40,53,0.9904690712016445
HLGT,41,37,0.6914595402728462
HLGT,42,56,1.0465333582507943
HLGT,43,52,0.9717809755185947
HLGT,44,26,0.48589048775929733
HLGT,45,38,0.7101476359558961
HLGT,46,44,0.8222762100541955
HLGT,47,23,0.42982620071014765
HLGT,48,24,0.4485142963931975
HLGT,49,28,0.5232666791253971
HLGT,50,10,0.18688095683049896
HLGT,51,10,0.18688095683049896
HLGT,52,19,0.35507381797794807
HLGT,53,10,0.18688095683049896
HLGT,54,14,0.2616333395626986
HLGT,55,17,0.31769762661184825
HLGT,56,16,0.29900953092879834
HLGT,57,8,0.14950476546439917
HLGT,58,13,0.24294524387964866
HLGT,59,10,0.18688095683049896
HLGT,60,6,0.11212857409829938
HLGT,61,7,0.1308166697813493
HLGT,62,4,0.07475238273219958
HLGT,63,6,0.11212857409829938
HLGT,64,7,0.1308166697813493
HLGT,65,2,0.03737619136609979
HLGT,66,6,0.11212857409829938
HLGT,67,1,0.018688095683049896
HLGT,68,1,0.018688095683049896
HLGT,69,1,0.018688095683049896
HLGT,70,1,0.018688095683049896
HLGT,71,0,0.0
HLGT,72,1,0.018688095683049896
HLGT,73,2,0.03737619136609979
HLGT,74,2,0.03737619136609979
HLGT,75,3,0.05606428704914969
HLGT,76,3,0.05606428704914969
HLGT,77,1,0.018688095683049896
HLGT,78,2,0.03737619136609979
HLGT,79,0,0.0
HLGT,80,0,0.0
HLGT,81,0,0.0
HLGT,82,0,0.0
HLGT,83,0,0.0
HLGT,84,0,0.0
HLGT,85,0,0.0
HLGT,86,0,0.0
HLGT,87,0,0.0
HLGT,88,0,0.0
HLGT,89,0,0.0
HLGT,90,0,0.0
HLGT,91,0,0.0
HLGT,92,0,0.0
HLGT,93,0,0.0
HLGT,94,2,0.03737619136609979
HLT,0,802,14.987852737806017
HLT,1,236,4.410390581199776
HLT,2,204,3.812371519342179
HLT,3,159,2.971407213604934
HLT,4,164,3.0648476920201833
HLT,5,134,2.504204821528686
HLT,6,129,2.4107643431134367
HLT,7,103,1.9248738553541394
HLT,8,121,2.2612595776490374
HLT,9,101,1.8874976639880396
HLT,10,102,1.9061857596710896
HLT,11,92,1.7193048028405906
HLT,12,98,1.83143337693889
HLT,13,93,1.7379928985236404
HLT,14,79,1.476359558960942
HLT,15,87,1.625864324425341
HLT,16,75,1.4016071762287423
HLT,17,65,1.2147262193982433
HLT,18,75,1.4016071762287423
HLT,19,63,1.1773500280321436
HLT,20,72,1.3455428891795926
HLT,21,66,1.2334143150812933
HLT,22,76,1.4202952719117923
HLT,23,79,1.476359558960942
HLT,24,49,0.915716688469445
HLT,25,54,1.0091571668846944
HLT,26,50,0.9344047841524948
HLT,27,49,0.915716688469445
HLT,28,57,1.065221453933844
HLT,29,53,0.9904690712016445
HLT,30,47,0.8783404971033452
HLT,31,43,0.8035881143711456
HLT,32,53,0.9904690712016445
HLT,33,62,1.1586619323490936
HLT,34,57,1.065221453933844
HLT,35,64,1.1960381237151934
HLT,36,47,0.8783404971033452
HLT,37,46,0.8596524014202953
HLT,38,48,0.897028592786395
HLT,39,51,0.9530928798355448
HLT,40,49,0.915716688469445
HLT,41,52,0.9717809755185947
HLT,42,49,0.915716688469445
HLT,43,55,1.0278452625677443
HLT,44,49,0.915716688469445
HLT,45,34,0.6353952532236965
HLT,46,45,0.8409643057372453
HLT,47,50,0.9344047841524948
HLT,48,45,0.8409643057372453
HLT,49,35,0.6540833489067464
HLT,50,44,0.8222762100541955
HLT,51,35,0.6540833489067464
HLT,52,40,0.7475238273219958
HLT,53,29,0.541954774808447
HLT,54,34,0.6353952532236965
HLT,55,34,0.6353952532236965
HLT,56,28,0.5232666791253971
HLT,57,26,0.48589048775929733
HLT,58,25,0.4672023920762474
HLT,59,35,0.6540833489067464
HLT,60,28,0.5232666791253971
HLT,61,20,0.3737619136609979
HLT,62,20,0.3737619136609979
HLT,63,37,0.6914595402728462
HLT,64,27,0.5045785834423472
HLT,65,12,0.22425714819659875
HLT,66,18,0.33638572229489816
HLT,67,15,0.2803214352457485
HLT,68,8,0.14950476546439917
HLT,69,9,0.16819286114744908
HLT,70,14,0.2616333395626986
HLT,71,16,0.29900953092879834
HLT,72,15,0.2803214352457485
HLT,73,9,0.16819286114744908
HLT,74,15,0.2803214352457485
HLT,75,9,0.16819286114744908
HLT,76,9,0.16819286114744908
HLT,77,8,0.14950476546439917
HLT,78,8,0.14950476546439917
HLT,79,11,0.20556905251354887
HLT,80,13,0.24294524387964866
HLT,81,11,0.20556905251354887
HLT,82,6,0.11212857409829938
HLT,83,6,0.11212857409829938
HLT,84,9,0.16819286114744908
HLT,85,6,0.11212857409829938
HLT,86,4,0.07475238273219958
HLT,87,6,0.11212857409829938
HLT,88,7,0.1308166697813493
HLT,89,6,0.11212857409829938
HLT,90,9,0.16819286114744908
HLT,91,2,0.03737619136609979
HLT,92,3,0.05606428704914969
HLT,93,4,0.07475238273219958
HLT,94,5,0.09344047841524948
HLT,95,3,0.05606428704914969
HLT,96,3,0.05606428704914969
HLT,97,2,0.03737619136609979
HLT,98,1,0.018688095683049896
HLT,99,2,0.03737619136609979
HLT,100,6,0.11212857409829938
HLT,101,4,0.07475238273219958
HLT,102,0,0.0
HLT,103,2,0.03737619136609979
HLT,104,0,0.0
HLT,105,1,0.018688095683049896
HLT,106,1,0.018688095683049896
HLT,107,0,0.0
HLT,108,2,0.03737619136609979
HLT,109,1,0.018688095683049896
HLT,110,1,0.018688095683049896
HLT,111,2,0.03737619136609979
HLT,112,1,0.018688095683049896
HLT,113,1,0.018688095683049896
HLT,114,1,0.018688095683049896
HLT,115,0,0.0
HLT,116,2,0.03737619136609979
HLT,117,1,0.018688095683049896
HLT,118,0,0.0
HLT,119,0,0.0
HLT,120,2,0.03737619136609979
HLT,121,0,0.0
HLT,122,2,0.03737619136609979
HLT,123,0,0.0
HLT,124,2,0.03737619136609979
HLT,125,1,0.018688095683049896
HLT,126,1,0.018688095683049896
HLT,127,0,0.0
HLT,128,0,0.0
HLT,129,1,0.018688095683049896
HLT,130,0,0.0
HLT,131,0,0.0
HLT,132,0,0.0
HLT,133,0,0.0
HLT,134,0,0.0
HLT,135,0,0.0
HLT,136,0,0.0
HLT,137,0,0.0
HLT,138,0,0.0
HLT,139,0,0.0
HLT,140,0,0.0
HLT,141,0,0.0
HLT,142,0,0.0
HLT,143,0,0.0
HLT,144,0,0.0
HLT,145,0,0.0
HLT,146,0,0.0
HLT,147,0,0.0
HLT,148,0,0.0
HLT,149,0,0.0
HLT,150,0,0.0
HLT,151,0,0.0
HLT,152,0,0.0
HLT,153,0,0.0
HLT,154,0,0.0
HLT,155,0,0.0
HLT,156,0,0.0
HLT,157,0,0.0
HLT,158,0,0.0
HLT,159,0,0.0
HLT,160,0,0.0
HLT,161,0,0.0
HLT,162,1,0.018688095683049896
HLT,163,0,0.0
HLT,164,0,0.0
HLT,165,0,0.0
HLT,166,0,0.0
HLT,167,0,0.0
HLT,168,1,0.018688095683049896
PT,0,788,14.72621939824332
PT,1,217,4.055316763221827
PT,2,190,3.5507381797794806
PT,3,151,2.8219024481405346
PT,4,147,2.7471500654083347
PT,5,126,2.3547000560642872
PT,6,116,2.167819099233788
PT,7,111,2.0743786208185386
PT,8,89,1.663240515791441
PT,9,95,1.7753690898897403
PT,10,90,1.6819286114744907
PT,11,103,1.9248738553541394
PT,12,77,1.438983367594842
PT,13,86,1.6071762287422913
PT,14,79,1.476359558960942
PT,15,74,1.3829190805456923
PT,16,75,1.4016071762287423
PT,17,51,0.9530928798355448
PT,18,72,1.3455428891795926
PT,19,70,1.3081666978134927
PT,20,58,1.083909549616894
PT,21,51,0.9530928798355448
PT,22,51,0.9530928798355448
PT,23,61,1.1399738366660437
PT,24,61,1.1399738366660437
PT,25,56,1.0465333582507943
PT,26,63,1.1773500280321436
PT,27,57,1.065221453933844
PT,28,51,0.9530928798355448
PT,29,40,0.7475238273219958
PT,30,48,0.897028592786395
PT,31,50,0.9344047841524948
PT,32,40,0.7475238273219958
PT,33,29,0.541954774808447
PT,34,42,0.7849000186880957
PT,35,33,0.6167071575406466
PT,36,43,0.8035881143711456
PT,37,38,0.7101476359558961
PT,38,49,0.915716688469445
PT,39,38,0.7101476359558961
PT,40,43,0.8035881143711456
PT,41,40,0.7475238273219958
PT,42,53,0.9904690712016445
PT,43,38,0.7101476359558961
PT,44,37,0.6914595402728462
PT,45,35,0.6540833489067464
PT,46,32,0.5980190618575967
PT,47,39,0.728835731638946
PT,48,45,0.8409643057372453
PT,49,43,0.8035881143711456
PT,50,35,0.6540833489067464
PT,51,28,0.5232666791253971
PT,52,41,0.7662119230050458
PT,53,35,0.6540833489067464
PT,54,32,0.5980190618575967
PT,55,34,0.6353952532236965
PT,56,38,0.7101476359558961
PT,57,37,0.6914595402728462
PT,58,37,0.6914595402728462
PT,59,30,0.560642870491497
PT,60,28,0.5232666791253971
PT,61,31,0.5793309661745468
PT,62,31,0.5793309661745468
PT,63,29,0.541954774808447
PT,64,29,0.541954774808447
PT,65,19,0.35507381797794807
PT,66,30,0.560642870491497
PT,67,33,0.6167071575406466
PT,68,24,0.4485142963931975
PT,69,18,0.33638572229489816
PT,70,18,0.33638572229489816
PT,71,16,0.29900953092879834
PT,72,14,0.2616333395626986
PT,73,32,0.5980190618575967
PT,74,22,0.41113810502709774
PT,75,13,0.24294524387964866
PT,76,15,0.2803214352457485
PT,77,26,0.48589048775929733
PT,78,15,0.2803214352457485
PT,79,15,0.2803214352457485
PT,80,19,0.35507381797794807
PT,81,16,0.29900953092879834
PT,82,15,0.2803214352457485
PT,83,14,0.2616333395626986
PT,84,14,0.2616333395626986
PT,85,10,0.18688095683049896
PT,86,5,0.09344047841524948
PT,87,18,0.33638572229489816
PT,88,13,0.24294524387964866
PT,89,8,0.14950476546439917
PT,90,8,0.14950476546439917
PT,91,3,0.05606428704914969
PT,92,16,0.29900953092879834
PT,93,5,0.09344047841524948
PT,94,7,0.1308166697813493
PT,95,9,0.16819286114744908
PT,96,5,0.09344047841524948
PT,97,3,0.05606428704914969
PT,98,7,0.1308166697813493
PT,99,6,0.11212857409829938
PT,100,9,0.16819286114744908
PT,101,7,0.1308166697813493
PT,102,9,0.16819286114744908
PT,103,8,0.14950476546439917
PT,104,5,0.09344047841524948
PT,105,8,0.14950476546439917
PT,106,7,0.1308166697813493
PT,107,2,0.03737619136609979
PT,108,9,0.16819286114744908
PT,109,1,0.018688095683049896
PT,110,2,0.03737619136609979
PT,111,1,0.018688095683049896
PT,112,10,0.18688095683049896
PT,113,7,0.1308166697813493
PT,114,5,0.09344047841524948
PT,115,4,0.07475238273219958
PT,116,2,0.03737619136609979
PT,117,5,0.09344047841524948
PT,118,4,0.07475238273219958
PT,119,4,0.07475238273219958
PT,120,2,0.03737619136609979
PT,121,5,0.09344047841524948
PT,122,0,0.0
PT,123,2,0.03737619136609979
PT,124,2,0.03737619136609979
PT,125,2,0.03737619136609979
PT,126,2,0.03737619136609979
PT,127,6,0.11212857409829938
PT,128,2,0.03737619136609979
PT,129,3,0.05606428704914969
PT,130,1,0.018688095683049896
PT,131,1,0.018688095683049896
PT,132,2,0.03737619136609979
PT,133,1,0.018688095683049896
PT,134,1,0.018688095683049896
PT,135,1,0.018688095683049896
PT,136,2,0.03737619136609979
PT,137,0,0.0
PT,138,1,0.018688095683049896
PT,139,0,0.0
PT,140,2,0.03737619136609979
PT,141,1,0.018688095683049896
PT,142,2,0.03737619136609979
PT,143,0,0.0
PT,144,1,0.018688095683049896
PT,145,0,0.0
PT,146,0,0.0
PT,147,1,0.018688095683049896
PT,148,0,0.0
PT,149,3,0.05606428704914969
PT,150,0,0.0
PT,151,0,0.0
PT,152,0,0.0
PT,153,1,0.018688095683049896
PT,154,0,0.0
PT,155,0,0.0
PT,156,2,0.03737619136609979
PT,157,1,0.018688095683049896
PT,158,1,0.018688095683049896
PT,159,0,0.0
PT,160,1,0.018688095683049896
PT,161,1,0.018688095683049896
PT,162,2,0.03737619136609979
PT,163,0,0.0
PT,164,0,0.0
PT,165,0,0.0
PT,166,1,0.018688095683049896
PT,167,1,0.018688095683049896
PT,168,1,0.018688095683049896
PT,169,0,0.0
PT,170,0,0.0
PT,171,1,0.018688095683049896
PT,172,0,0.0
PT,173,1,0.018688095683049896
PT,174,1,0.018688095683049896
PT,175,0,0.0
PT,176,0,0.0
PT,177,0,0.0
PT,178,0,0.0
PT,179,0,0.0
PT,180,1,0.018688095683049896
PT,181,0,0.0
PT,182,0,0.0
PT,183,0,0.0
PT,184,0,0.0
PT,185,0,0.0
PT,186,0,0.0
PT,187,0,0.0
PT,188,0,0.0
PT,189,0,0.0
PT,190,1,0.018688095683049896
PT,191,0,0.0
PT,192,0,0.0
PT,193,0,0.0
PT,194,0,0.0
PT,195,0,0.0
PT,196,0,0.0
PT,197,0,0.0
PT,198,0,0.0
PT,199,0,0.0
PT,200,0,0.0
PT,201,0,0.0
PT,202,0,0.0
PT,203,0,0.0
PT,204,0,0.0
PT,205,0,0.0
PT,206,0,0.0
PT,207,0,0.0
PT,208,0,0.0
PT,209,0,0.0
PT,210,0,0.0
PT,211,0,0.0
PT,212,0,0.0
PT,213,0,0.0
PT,214,0,0.0
PT,215,0,0.0
PT,216,0,0.0
PT,217,0,0.0
PT,218,0,0.0
PT,219,0,0.0
PT,220,1,0.018688095683049896
PT,221,0,0.0
PT,222,0,0.0
PT,223,0,0.0
PT,224,0,0.0
PT,225,0,0.0
PT,226,0,0.0
PT,227,0,0.0
PT,228,0,0.0
PT,229,0,0.0
PT,230,0,0.0
PT,231,0,0.0
PT,232,0,0.0
PT,233,0,0.0
PT,234,0,0.0
PT,235,0,0.0
PT,236,0,0.0
PT,237,0,0.0
PT,238,0,0.0
PT,239,0,0.0
PT,240,0,0.0
PT,241,0,0.0
PT,242,0,0.0
PT,243,0,0.0
PT,244,0,0.0
PT,245,0,0.0
PT,246,0,0.0
PT,247,0,0.0
PT,248,0,0.0
PT,249,0,0.0
PT,250,0,0.0
PT,251,0,0.0
PT,252,0,0.0
PT,253,0,0.0
PT,254,0,0.0
PT,255,1,0.018688095683049896
